gene	amino acid	type	ID	comment	source
HA	N125D	MutationOfConcern 	NA	Mask receptor-binding site	doi: 10.1007/s00430-013-0291-4
HA	N156K	MutationOfConcern 	NA	Escape mutant	doi: 10.1371/journal.ppat.1003354
HA	S185T	MutationOfConcern 	NA	Increase severe disease	doi: 10.3390/v11090791
HA	A186T	MutationOfConcern 	NA	UNCLEAR - Increase severe disease	doi: 10.3390/v11090791
HA	S203T	MutationOfConcern 	NA	Mask receptor-binding site	doi: 10.1007/s00430-013-0291-4
HA	I216K	MutationOfConcern 	NA	Increase transmission	doi: 10.1007/s00430-013-0291-4
HA	I216V	MutationOfConcern 	NA	UNCLEAR - Increase transmission	doi: 10.1007/s00430-013-0291-4
HA	D222G	MutationOfConcern 	NA	Increase severe disease	doi:10.1007/s00705-014-2179-z, doi:10.1093/infdis/jis539, doi: 10.1128/JVI.00936-10  
HA	D222E	MutationOfConcern 	NA	UNCLEAR - Increase severe disease	doi:10.1007/s00705-014-2179-z, doi:10.1371/journal.pone.0016087
HA	D222N	MutationOfConcern 	NA	UNCLEAR - Increase severe disease	doi:10.1007/s00705-014-2179-z, doi:10.1371/journal.pone.0016087, doi: 10.1590/S0074-02762011000500014 
HA	Q293H	MutationOfConcern 	NA	UNCLEAR - Increase severe disease	doi: 10.1093/infdis/jis539 
HA	Q310H	MutationOfConcern 	NA	Increase severe disease	doi: 10.4161/cc.9.5.10913
HA	E374K	MutationOfConcern 	NA	Vaccination breakthrough	doi: 10.1007/s00430-013-0291-4
HA	E391K	MutationOfConcern 	NA	Increase spread, vaccination failure	doi: 10.1128/JVI.00936-10 
NA	H275Y	MutationOfConcern 	NA	Oseltamivir resistance	doi:10.1371/journal.pone.0016087, doi: 10.1128/JVI.00936-10 
NA	S286G	MutationOfConcern 	NA	Increase severe disease, with co-variation PB1-K480R	doi:10.1371/journal.pone.0016087
NA	N295S	MutationOfConcern 	NA	Alter oseltamivir susceptibility 	doi: 10.1128/JVI.00936-10 
PB1 	K480R	MutationOfConcern 	NA	Increase severe disease, with co-variation NA-S286G 	doi:10.1371/journal.pone.0016087