gene	aa mutation	effect	source
HA	N125D	Mask receptor-binding site	doi: 10.1007/s00430-013-0291-4
HA	S185T	Increase severe disease	doi: 10.3390/v11090791
HA	A186T	UNCLEAR - Increase severe disease	doi: 10.3390/v11090791
HA	S203T	Mask receptor-binding site	doi: 10.1007/s00430-013-0291-4
HA	I216K	Increase transmission	doi: 10.1007/s00430-013-0291-4
HA	I216V	UNCLEAR - Increase transmission	doi: 10.1007/s00430-013-0291-4
HA	D222G	Increase severe disease	doi:10.1007/s00705-014-2179-z, doi:10.1093/infdis/jis539 
HA	D222E	UNCLEAR - Increase severe disease	doi:10.1007/s00705-014-2179-z, doi:10.1371/journal.pone.0016087
HA	D222N	UNCLEAR - Increase severe disease	doi:10.1007/s00705-014-2179-z, doi:10.1371/journal.pone.0016087
HA	D222G/N	Increase severe disease	doi: 10.3390/v11090791
HA	D239N	Association with fatality	doi: 10.1590/S0074-02762011000500014 
HA	D239G	Increase severe disease	doi: 10.1128/JVI.00936-10 
HA	Q293H	UNCLEAR - Increase severe disease	doi: 10.1093/infdis/jis539 
HA	Q310H	Increase severe disease	doi: 10.4161/cc.9.5.10913
HA	E374K	Vaccination breakthrough	doi: 10.1007/s00430-013-0291-4
HA	E391K	Increase spread, vaccination failure	doi: 10.1128/JVI.00936-10 
NA	H275Y	Oseltamivir resistance	doi:10.1371/journal.pone.0016087, doi: 10.1128/JVI.00936-10 
NA	S286G	Increase severe disease, with co-variation PB1-K480R	doi:10.1371/journal.pone.0016087
NA	N295S	Alter oseltamivir susceptibility 	doi: 10.1128/JVI.00936-10 